{"thunderboard_086bd7fe1054":{"light":{"firstDerivs":[-0.015455726714081026,0,0,0,-0.019443271307377708,0,0.0003351821031589349],"maxVariation":1.4754121599591739,"stdev":8612.233885583926,"stream":[[2.0477555805260463,0.193068374836323,0.193068374836323,0.193068374836323,0.193068374836323,-0.9735279036063396,-0.9735279036063396,-0.8729732726586591],[1634824792000,1634824912000,1634824972000,1634825092000,1634825152000,1634825212000,1634825272000,1634825572000]]},"humidity":{"firstDerivs":[-0.008073818584717932,-0.010531067719197845,0.006669676222157804,0.002808284725120258,0.016147637169435864,0.013339352444315607,0],"maxVariation":2.0883534136545854,"stdev":0.04747856659287574,"stream":[[0.1737626173668393,-0.7950956127993126,-1.4269596759511833,-0.6265985292922469,-0.4581014457850314,0.5107567843811205,1.311117931040057,1.311117931040057],[1634824792000,1634824912000,1634824972000,1634825092000,1634825152000,1634825212000,1634825272000,1634825572000]]}},"weather_station":{"light_level":{"firstDerivs":[-0.004903062210292287,0.006420236177250655,-0.013756327371140808,0.00089272736470416,0.03692516144799245,-0.03397914622340295,-0.004310994320747557,0.025423205853016207,0.001819880808026829,0,0,-0.016979487938890328,0.014322461959171159,-0.03432143547204601,0.030995458860392205],"maxVariation":2.1064516632097687,"stdev":36896.6696541022,"stream":[[-0.49631362861943323,-0.7904973612369705,-0.40528319060193113,-1.2306628328703797,-1.17709919098813,1.112260818787402,-0.9264879546167754,-1.1851476138616288,1.0012480894977653,1.112260818787402,1.112260818787402,1.112260818787402,0.07651205451509199,0.9501822340245327,-1.1091038942982276,0.8436100139064814],[1634824788000,1634824848000,1634824908000,1634824968000,1634825028000,1634825090000,1634825150000,1634825210000,1634825296000,1634825357000,1634825419000,1634825483000,1634825544000,1634825605000,1634825665000,1634825728000]]}}}